{
  "canvas": [
    1024,
    1024
  ],
  "parts_order_back_to_front": [
    "boots",
    "legs",
    "torso",
    "arm_left",
    "arm_right",
    "head_hair"
  ],
  "regions": {
    "head_hair": [
      140,
      0,
      900,
      520
    ],
    "arm_left": [
      120,
      400,
      420,
      740
    ],
    "arm_right": [
      620,
      400,
      920,
      740
    ],
    "boots": [
      260,
      760,
      780,
      980
    ],
    "legs": [
      320,
      640,
      720,
      880
    ],
    "torso": [
      220,
      320,
      840,
      760
    ]
  }
}